gene	baseMean	log2FoldChange	lfcSE	stat	pvalue	padj
ENSG00000160191	76935.3620520353	3.0723173905376355	0.15525722635448194	19.78856290735832	3.735415364506279e-87	8.554101184719379e-85
ENSG00000154734	22866.05074855214	3.4425031449791774	0.1793859596726923	19.190482640115036	4.444923498442257e-82	5.089437405716384e-80
ENSG00000154723	7343.970110746108	2.5827039123346793	0.16390387307816265	15.757430644137596	6.106561739512802e-56	4.6613421278281055e-54
ENSG00000180509	30230.643141939043	2.9440317265821183	0.2000773011835781	14.714471402634842	5.2051366986754955e-49	2.979940759991721e-47
ENSG00000183145	9994.402470555637	2.8913205126628907	0.24889196919104561	11.616769002472546	3.3870460261494467e-31	1.5512670799764466e-29
ENSG00000276289	11795.692800567114	2.860244772392945	0.46498674767078346	6.151239334713329	7.687980014635172e-10	2.934245705585757e-8
ENSG00000277277	724.4864485376902	0.9284900743541157	0.2639132983457372	3.518163276250505	4.345449057774503e-4	0.014215826203290875
